date_sent,ticker,pattern,entry,stop,target,score,rr,price_5d,price_10d,price_20d,result_5d,result_10d,result_20d,checked
2026-09-14,MSGE,EMA21/MA50 Pullback Bounce,76.89,74.96,90.41,73.0,2.65,81.2,79.14,80.01,OPEN (+5.6%),OPEN (+2.9%),OPEN (+4.1%),True
2026-09-16,BIO,EMA21/MA50 Pullback Bounce,370.52,363.83,413.42,76.0,2.5,377.33,377.69,,OPEN (+1.8%),OPEN (+1.9%),,False
2026-09-16,WHD,EMA21/MA50 Pullback Bounce,69.17,66.29,78.75,77.0,2.5,67.45,64.24,,OPEN (-2.5%),LOSS (-7.1%),,False
2026-09-17,PRLB,VCP Breakout,82.55,76.17,104.46,76.0,3.0,89.31,96.9,,OPEN (+8.2%),OPEN (+17.4%),,False
2026-09-18,NTCT,EMA21/MA50 Pullback Bounce,39.06,36.23,46.88,69.0,2.5,39.04,39.41,,OPEN (-0.1%),OPEN (+0.9%),,False
2026-09-18,TSM,EMA21/MA50 Pullback Bounce,419.85,405.78,491.46,75.0,2.5,448.73,452.88,,OPEN (+6.9%),OPEN (+7.9%),,False
2026-09-21,WT,EMA21/MA50 Pullback Bounce,22.8,21.49,27.02,76.6,2.5,24.06,24.03,,OPEN (+5.5%),OPEN (+5.4%),,False
2026-09-21,VOYA,EMA21/MA50 Pullback Bounce,101.23,98.48,109.31,84.1,2.5,95.98,95.38,,LOSS (-5.2%),LOSS (-5.8%),,False
2026-09-25,MQ,EMA21/MA50 Pullback Bounce,16.14,15.41,19.01,83.1,2.5,17.0,17.03,,OPEN (+5.3%),OPEN (+5.5%),,False
2026-10-01,SCSC,EMA21/MA50 Pullback Bounce,58.13,55.76,66.78,90.5,2.71,,,,,,,False
2026-10-06,BIO,EMA21/MA50 Pullback Bounce,369.4,351.53,450.54,78.8,2.5,,,,,,,False
2026-10-06,URGN,EMA21/MA50 Pullback Bounce,41.82,39.52,50.93,75.7,2.5,,,,,,,False
