timestamp,ticker,pattern,entry_quality,professional_score,professional_status,label,trend_score,rs_profile_score,sector_score,sector_rank,market_score,accumulation_score,execution_score,risk_score,blockers
2026-09-21T06:35:23,WT,EMA21/MA50 Pullback Bounce,79.0,76.6,PRO_READY,QUALIFIED,100.0,94.5,33.9,COLD,68.8,18.0,97.0,88.0,
2026-09-21T06:47:50,VOYA,EMA21/MA50 Pullback Bounce,74.0,84.1,PRO_READY,STRONG,100.0,83.0,33.9,COLD,68.8,90.0,91.0,90.0,
2026-09-21T07:00:41,NVT,EMA21/MA50 Pullback Bounce,78.0,73.3,PRO_WATCHLIST,WATCHLIST,84.0,69.0,2.0,FROZEN,68.8,98.0,81.0,82.0,Sector FROZEN | Professional Quality נמוך (73.3 < 75.0)
2026-09-22T05:50:45,IRDM,EMA21/MA50 Pullback Bounce,73.0,76.2,PRO_WATCHLIST,QUALIFIED,84.0,79.8,100.0,HOT,70.1,12.0,93.0,95.0,Institutional distribution חזקה
2026-09-22T05:56:16,CSCO,EMA21/MA50 Pullback Bounce,73.0,68.4,PRO_WATCHLIST,WATCHLIST,66.0,57.5,100.0,HOT,70.1,14.0,93.0,95.0,Multi-horizon RS נמוך (58 < 65) | Institutional distribution חזקה | Professional Quality נמוך (68.4 < 75.0)
2026-09-25T06:42:11,MQ,EMA21/MA50 Pullback Bounce,73.0,83.1,PRO_READY,STRONG,66.0,80.8,100.0,HOT,69.0,96.0,85.0,89.0,
2026-09-25T06:43:25,SFL,EMA21/MA50 Pullback Bounce,76.0,81.3,PRO_WATCHLIST,QUALIFIED,100.0,94.8,2.0,FROZEN,69.0,88.0,80.0,95.0,Sector FROZEN
2026-10-01T07:09:45,SCSC,EMA21/MA50 Pullback Bounce,79.0,90.5,PRO_READY,ELITE,100.0,89.2,100.0,HOT,66.3,84.0,86.0,95.0,
2026-10-05T09:13:59,BJRI,EMA21/MA50 Pullback Bounce,79.0,66.7,PRO_WATCHLIST,WATCHLIST,66.0,82.5,2.0,FROZEN,67.1,50.0,86.0,87.0,Sector FROZEN | Professional Quality נמוך (66.7 < 75.0)
2026-10-05T09:14:56,GRC,Darvas Box Breakout,76.0,66.4,PRO_WATCHLIST,WATCHLIST,66.0,71.5,33.7,COLD,67.1,72.0,74.0,66.0,Professional Quality נמוך (66.4 < 75.0)
2026-10-05T09:14:56,GRC,VCP Breakout,78.0,66.9,PRO_WATCHLIST,WATCHLIST,66.0,71.5,33.7,COLD,67.1,72.0,74.0,71.0,Professional Quality נמוך (66.9 < 75.0)
2026-10-05T09:14:56,GRC,EMA21/MA50 Pullback Bounce,71.0,67.9,PRO_WATCHLIST,WATCHLIST,66.0,71.5,33.7,COLD,67.1,72.0,71.0,87.0,Professional Quality נמוך (67.9 < 75.0)
2026-10-05T09:29:32,TKR,EMA21/MA50 Pullback Bounce,68.0,73.4,PRO_WATCHLIST,WATCHLIST,66.0,68.5,33.7,COLD,67.1,100.0,77.0,94.0,Professional Quality נמוך (73.4 < 75.0)
2026-10-06T09:11:29,BIO,EMA21/MA50 Pullback Bounce,73.0,78.8,PRO_READY,QUALIFIED,100.0,74.0,32.3,COLD,68.1,72.0,86.0,94.0,
2026-10-06T09:19:02,IQV,EMA21/MA50 Pullback Bounce,76.0,66.1,PRO_WATCHLIST,WATCHLIST,82.0,76.3,32.3,COLD,68.1,8.0,86.0,94.0,Institutional distribution חזקה | Professional Quality נמוך (66.1 < 75.0)
2026-10-06T09:23:06,TRGP,EMA21/MA50 Pullback Bounce,75.0,71.8,PRO_WATCHLIST,WATCHLIST,84.0,51.9,59.6,NEUTRAL,68.1,66.0,86.0,82.0,Multi-horizon RS נמוך (52 < 65) | Professional Quality נמוך (71.8 < 75.0)
2026-10-06T09:27:37,CNMD,EMA21/MA50 Pullback Bounce,75.0,59.4,PRO_WATCHLIST,WATCHLIST,64.0,59.9,32.3,COLD,68.1,42.0,67.0,83.0,Multi-horizon RS נמוך (60 < 65) | Professional Quality נמוך (59.4 < 75.0)
2026-10-06T09:30:13,URGN,EMA21/MA50 Pullback Bounce,75.0,75.7,PRO_READY,QUALIFIED,82.0,82.8,32.3,COLD,68.1,60.0,91.0,89.0,
